{
  "experiment": "02_quantum_speedup",
  "timestamp": 1767575899.5343866,
  "results": [
    {
      "n_qubits": 4,
      "search_space": 16,
      "classical": {
        "steps": 16,
        "time_ms": 16.0
      },
      "quantum": {
        "steps": 3,
        "time_ms": 6.161832809448242,
        "time_std_ms": 7.523733532185093,
        "accuracy": 100.0
      },
      "speedup": {
        "theoretical": 5.333333333333333,
        "time_ratio": 2.5966300116852263
      }
    },
    {
      "n_qubits": 6,
      "search_space": 64,
      "classical": {
        "steps": 64,
        "time_ms": 64.0
      },
      "quantum": {
        "steps": 6,
        "time_ms": 60.50567626953125,
        "time_std_ms": 12.36389741889884,
        "accuracy": 100.0
      },
      "speedup": {
        "theoretical": 10.666666666666666,
        "time_ratio": 1.0577519985877486
      }
    },
    {
      "n_qubits": 8,
      "search_space": 256,
      "classical": {
        "steps": 256,
        "time_ms": 256.0
      },
      "quantum": {
        "steps": 12,
        "time_ms": 291.77494049072266,
        "time_std_ms": 169.71730213285724,
        "accuracy": 100.0
      },
      "speedup": {
        "theoretical": 21.333333333333332,
        "time_ratio": 0.8773885775435188
      }
    },
    {
      "n_qubits": 10,
      "search_space": 1024,
      "classical": {
        "steps": 1024,
        "time_ms": 1024.0
      },
      "quantum": {
        "steps": 25,
        "time_ms": 9160.316801071167,
        "time_std_ms": 1379.0475218658144,
        "accuracy": 100.0
      },
      "speedup": {
        "theoretical": 40.96,
        "time_ratio": 0.11178652684591192
      }
    }
  ]
}